URL,State_Name,Area_name
https://auburn.craigslist.org/,Alabama,auburn
https://bham.craigslist.org/,Alabama,birmingham
https://dothan.craigslist.org/,Alabama,dothan
https://shoals.craigslist.org/,Alabama,florence / muscle shoals
https://gadsden.craigslist.org/,Alabama,gadsden-anniston
https://huntsville.craigslist.org/,Alabama,huntsville / decatur
https://mobile.craigslist.org/,Alabama,mobile
https://montgomery.craigslist.org/,Alabama,montgomery
https://tuscaloosa.craigslist.org/,Alabama,tuscaloosa
https://anchorage.craigslist.org/,Alaska,anchorage / mat-su
https://fairbanks.craigslist.org/,Alaska,fairbanks
https://kenai.craigslist.org/,Alaska,kenai peninsula
https://juneau.craigslist.org/,Alaska,southeast alaska
https://flagstaff.craigslist.org/,Arizona,flagstaff / sedona
https://mohave.craigslist.org/,Arizona,mohave county
https://phoenix.craigslist.org/,Arizona,phoenix
https://prescott.craigslist.org/,Arizona,prescott
https://showlow.craigslist.org/,Arizona,show low
https://sierravista.craigslist.org/,Arizona,sierra vista
https://tucson.craigslist.org/,Arizona,tucson
https://yuma.craigslist.org/,Arizona,yuma
https://fayar.craigslist.org/,Arkansas,fayetteville 
https://fortsmith.craigslist.org/,Arkansas,fort smith
https://jonesboro.craigslist.org/,Arkansas,jonesboro
https://littlerock.craigslist.org/,Arkansas,little rock
https://texarkana.craigslist.org/,Arkansas,texarkana
https://bakersfield.craigslist.org/,California,bakersfield
https://chico.craigslist.org/,California,chico
https://fresno.craigslist.org/,California,fresno / madera
https://goldcountry.craigslist.org/,California,gold country
https://hanford.craigslist.org/,California,hanford-corcoran
https://humboldt.craigslist.org/,California,humboldt county
https://imperial.craigslist.org/,California,imperial county
https://inlandempire.craigslist.org/,California,inland empire
https://losangeles.craigslist.org/,California,los angeles
https://mendocino.craigslist.org/,California,mendocino county
https://merced.craigslist.org/,California,merced
https://modesto.craigslist.org/,California,modesto
https://monterey.craigslist.org/,California,monterey bay
https://orangecounty.craigslist.org/,California,orange county
https://palmsprings.craigslist.org/,California,palm springs
https://redding.craigslist.org/,California,redding
https://sacramento.craigslist.org/,California,sacramento
https://sandiego.craigslist.org/,California,san diego
https://sfbay.craigslist.org/,California,san francisco bay area
https://slo.craigslist.org/,California,san luis obispo
https://santabarbara.craigslist.org/,California,santa barbara
https://santamaria.craigslist.org/,California,santa maria
https://siskiyou.craigslist.org/,California,siskiyou county
https://stockton.craigslist.org/,California,stockton
https://susanville.craigslist.org/,California,susanville
https://ventura.craigslist.org/,California,ventura county
https://visalia.craigslist.org/,California,visalia-tulare
https://yubasutter.craigslist.org/,California,yuba-sutter
https://boulder.craigslist.org/,Colorado,boulder
https://cosprings.craigslist.org/,Colorado,colorado springs
https://denver.craigslist.org/,Colorado,denver
https://eastco.craigslist.org/,Colorado,eastern CO
https://fortcollins.craigslist.org/,Colorado,fort collins / north CO
https://rockies.craigslist.org/,Colorado,high rockies
https://pueblo.craigslist.org/,Colorado,pueblo
https://westslope.craigslist.org/,Colorado,western slope
https://newlondon.craigslist.org/,Connecticut,eastern CT
https://hartford.craigslist.org/,Connecticut,hartford
https://newhaven.craigslist.org/,Connecticut,new haven
https://nwct.craigslist.org/,Connecticut,northwest CT
https://delaware.craigslist.org/,Delaware,delaware
https://washingtondc.craigslist.org/,District of Columbia,washington
http://miami.craigslist.org/brw/,Florida,broward county
https://daytona.craigslist.org/,Florida,daytona beach
https://keys.craigslist.org/,Florida,florida keys
https://fortlauderdale.craigslist.org/,Florida,fort lauderdale
https://fortmyers.craigslist.org/,Florida,ft myers / SW florida
https://gainesville.craigslist.org/,Florida,gainesville
https://cfl.craigslist.org/,Florida,heartland florida
https://jacksonville.craigslist.org/,Florida,jacksonville
https://lakeland.craigslist.org/,Florida,lakeland
http://miami.craigslist.org/mdc/,Florida,miami / dade
https://lakecity.craigslist.org/,Florida,north central FL
https://ocala.craigslist.org/,Florida,ocala
https://okaloosa.craigslist.org/,Florida,okaloosa / walton
https://orlando.craigslist.org/,Florida,orlando
https://panamacity.craigslist.org/,Florida,panama city
https://pensacola.craigslist.org/,Florida,pensacola
https://sarasota.craigslist.org/,Florida,sarasota-bradenton
https://miami.craigslist.org/,Florida,south florida
https://spacecoast.craigslist.org/,Florida,space coast
https://staugustine.craigslist.org/,Florida,st augustine
https://tallahassee.craigslist.org/,Florida,tallahassee
https://tampa.craigslist.org/,Florida,tampa bay area
https://treasure.craigslist.org/,Florida,treasure coast
http://miami.craigslist.org/pbc/,Florida,palm beach county
https://albanyga.craigslist.org/,Georgia,albany 
https://athensga.craigslist.org/,Georgia,athens
https://atlanta.craigslist.org/,Georgia,atlanta
https://augusta.craigslist.org/,Georgia,augusta
https://brunswick.craigslist.org/,Georgia,brunswick
https://columbusga.craigslist.org/,Georgia,columbus 
https://macon.craigslist.org/,Georgia,macon / warner robins
https://nwga.craigslist.org/,Georgia,northwest GA
https://savannah.craigslist.org/,Georgia,savannah / hinesville
https://statesboro.craigslist.org/,Georgia,statesboro
https://valdosta.craigslist.org/,Georgia,valdosta
https://honolulu.craigslist.org/,Hawaii,hawaii
https://boise.craigslist.org/,Idaho,boise
https://eastidaho.craigslist.org/,Idaho,east idaho
https://lewiston.craigslist.org/,Idaho,lewiston / clarkston
https://twinfalls.craigslist.org/,Idaho,twin falls
https://bn.craigslist.org/,Illinois,bloomington-normal
https://chambana.craigslist.org/,Illinois,champaign urbana
https://chicago.craigslist.org/,Illinois,chicago
https://decatur.craigslist.org/,Illinois,decatur
https://lasalle.craigslist.org/,Illinois,la salle co
https://mattoon.craigslist.org/,Illinois,mattoon-charleston
https://peoria.craigslist.org/,Illinois,peoria
https://rockford.craigslist.org/,Illinois,rockford
https://carbondale.craigslist.org/,Illinois,southern illinois
https://springfieldil.craigslist.org/,Illinois,springfield 
https://quincy.craigslist.org/,Illinois,western IL
https://bloomington.craigslist.org/,Indiana,bloomington
https://evansville.craigslist.org/,Indiana,evansville
https://fortwayne.craigslist.org/,Indiana,fort wayne
https://indianapolis.craigslist.org/,Indiana,indianapolis
https://kokomo.craigslist.org/,Indiana,kokomo
https://tippecanoe.craigslist.org/,Indiana,lafayette / west lafayette
https://muncie.craigslist.org/,Indiana,muncie / anderson
https://richmondin.craigslist.org/,Indiana,richmond 
https://southbend.craigslist.org/,Indiana,south bend / michiana
https://terrehaute.craigslist.org/,Indiana,terre haute
https://ames.craigslist.org/,Iowa,ames
https://cedarrapids.craigslist.org/,Iowa,cedar rapids
https://desmoines.craigslist.org/,Iowa,des moines
https://dubuque.craigslist.org/,Iowa,dubuque
https://fortdodge.craigslist.org/,Iowa,fort dodge
https://iowacity.craigslist.org/,Iowa,iowa city
https://masoncity.craigslist.org/,Iowa,mason city
https://quadcities.craigslist.org/,Iowa,quad cities
https://siouxcity.craigslist.org/,Iowa,sioux city
https://ottumwa.craigslist.org/,Iowa,southeast IA
https://waterloo.craigslist.org/,Iowa,waterloo / cedar falls
https://lawrence.craigslist.org/,Kansas,lawrence
https://ksu.craigslist.org/,Kansas,manhattan
https://nwks.craigslist.org/,Kansas,northwest KS
https://salina.craigslist.org/,Kansas,salina
https://seks.craigslist.org/,Kansas,southeast KS
https://swks.craigslist.org/,Kansas,southwest KS
https://topeka.craigslist.org/,Kansas,topeka
https://wichita.craigslist.org/,Kansas,wichita
https://bgky.craigslist.org/,Kentucky,bowling green
https://eastky.craigslist.org/,Kentucky,eastern kentucky
https://lexington.craigslist.org/,Kentucky,lexington
https://louisville.craigslist.org/,Kentucky,louisville
https://owensboro.craigslist.org/,Kentucky,owensboro
https://westky.craigslist.org/,Kentucky,western KY
https://batonrouge.craigslist.org/,Louisiana,baton rouge
https://cenla.craigslist.org/,Louisiana,central louisiana
https://houma.craigslist.org/,Louisiana,houma
https://lafayette.craigslist.org/,Louisiana,lafayette
https://lakecharles.craigslist.org/,Louisiana,lake charles
https://monroe.craigslist.org/,Louisiana,monroe
https://neworleans.craigslist.org/,Louisiana,new orleans
https://shreveport.craigslist.org/,Louisiana,shreveport
https://maine.craigslist.org/,Maine,maine
https://annapolis.craigslist.org/,Maryland,annapolis
https://baltimore.craigslist.org/,Maryland,baltimore
https://easternshore.craigslist.org/,Maryland,eastern shore
https://frederick.craigslist.org/,Maryland,frederick
https://smd.craigslist.org/,Maryland,southern maryland
https://westmd.craigslist.org/,Maryland,western maryland
https://boston.craigslist.org/,Massachusetts,boston
https://capecod.craigslist.org/,Massachusetts,cape cod / islands
https://southcoast.craigslist.org/,Massachusetts,south coast
https://westernmass.craigslist.org/,Massachusetts,western massachusetts
https://worcester.craigslist.org/,Massachusetts,worcester / central MA
https://annarbor.craigslist.org/,Michigan,ann arbor
https://battlecreek.craigslist.org/,Michigan,battle creek
https://centralmich.craigslist.org/,Michigan,central michigan
https://detroit.craigslist.org/,Michigan,detroit metro
https://flint.craigslist.org/,Michigan,flint
https://grandrapids.craigslist.org/,Michigan,grand rapids
https://holland.craigslist.org/,Michigan,holland
https://jxn.craigslist.org/,Michigan,jackson 
https://kalamazoo.craigslist.org/,Michigan,kalamazoo
https://lansing.craigslist.org/,Michigan,lansing
https://monroemi.craigslist.org/,Michigan,monroe 
https://muskegon.craigslist.org/,Michigan,muskegon
https://nmi.craigslist.org/,Michigan,northern michigan
https://porthuron.craigslist.org/,Michigan,port huron
https://saginaw.craigslist.org/,Michigan,saginaw-midland-baycity
https://swmi.craigslist.org/,Michigan,southwest michigan
https://thumb.craigslist.org/,Michigan,the thumb
https://up.craigslist.org/,Michigan,upper peninsula
https://bemidji.craigslist.org/,Minnesota,bemidji
https://brainerd.craigslist.org/,Minnesota,brainerd
https://duluth.craigslist.org/,Minnesota,duluth / superior
https://mankato.craigslist.org/,Minnesota,mankato
https://minneapolis.craigslist.org/,Minnesota,minneapolis / st paul
https://rmn.craigslist.org/,Minnesota,rochester 
https://marshall.craigslist.org/,Minnesota,southwest MN
https://stcloud.craigslist.org/,Minnesota,st cloud
https://gulfport.craigslist.org/,Mississippi,gulfport / biloxi
https://hattiesburg.craigslist.org/,Mississippi,hattiesburg
https://jackson.craigslist.org/,Mississippi,jackson
https://meridian.craigslist.org/,Mississippi,meridian
https://northmiss.craigslist.org/,Mississippi,north mississippi
https://natchez.craigslist.org/,Mississippi,southwest MS
https://columbiamo.craigslist.org/,Missouri,columbia / jeff city
https://joplin.craigslist.org/,Missouri,joplin
https://kansascity.craigslist.org/,Missouri,kansas city
https://kirksville.craigslist.org/,Missouri,kirksville
https://loz.craigslist.org/,Missouri,lake of the ozarks
https://semo.craigslist.org/,Missouri,southeast missouri
https://springfield.craigslist.org/,Missouri,springfield
https://stjoseph.craigslist.org/,Missouri,st joseph
https://stlouis.craigslist.org/,Missouri,st louis
https://billings.craigslist.org/,Montana,billings
https://bozeman.craigslist.org/,Montana,bozeman
https://butte.craigslist.org/,Montana,butte
https://greatfalls.craigslist.org/,Montana,great falls
https://helena.craigslist.org/,Montana,helena
https://kalispell.craigslist.org/,Montana,kalispell
https://missoula.craigslist.org/,Montana,missoula
https://montana.craigslist.org/,Montana,eastern montana
https://grandisland.craigslist.org/,Nebraska,grand island
https://lincoln.craigslist.org/,Nebraska,lincoln
https://northplatte.craigslist.org/,Nebraska,north platte
https://omaha.craigslist.org/,Nebraska,omaha / council bluffs
https://scottsbluff.craigslist.org/,Nebraska,scottsbluff / panhandle
https://elko.craigslist.org/,Nevada,elko
https://lasvegas.craigslist.org/,Nevada,las vegas
https://reno.craigslist.org/,Nevada,reno / tahoe
https://nh.craigslist.org/,New Hampshire,new hampshire
https://cnj.craigslist.org/,New Jersey,central NJ
https://jerseyshore.craigslist.org/,New Jersey,jersey shore
https://newjersey.craigslist.org/,New Jersey,north jersey
https://southjersey.craigslist.org/,New Jersey,south jersey
https://albuquerque.craigslist.org/,New Mexico,albuquerque
https://clovis.craigslist.org/,New Mexico,clovis / portales
https://farmington.craigslist.org/,New Mexico,farmington
https://lascruces.craigslist.org/,New Mexico,las cruces
https://roswell.craigslist.org/,New Mexico,roswell / carlsbad
https://santafe.craigslist.org/,New Mexico,santa fe / taos
https://albany.craigslist.org/,New York,albany
https://binghamton.craigslist.org/,New York,binghamton
https://buffalo.craigslist.org/,New York,buffalo
https://catskills.craigslist.org/,New York,catskills
https://chautauqua.craigslist.org/,New York,chautauqua
https://elmira.craigslist.org/,New York,elmira-corning
https://fingerlakes.craigslist.org/,New York,finger lakes
https://glensfalls.craigslist.org/,New York,glens falls
https://hudsonvalley.craigslist.org/,New York,hudson valley
https://ithaca.craigslist.org/,New York,ithaca
https://longisland.craigslist.org/,New York,long island
https://newyork.craigslist.org/,New York,new york city
https://oneonta.craigslist.org/,New York,oneonta
https://plattsburgh.craigslist.org/,New York,plattsburgh-adirondacks
https://potsdam.craigslist.org/,New York,potsdam-canton-massena
https://rochester.craigslist.org/,New York,rochester
https://syracuse.craigslist.org/,New York,syracuse
https://twintiers.craigslist.org/,New York,twin tiers NY/PA
https://utica.craigslist.org/,New York,utica-rome-oneida
https://watertown.craigslist.org/,New York,watertown
https://asheville.craigslist.org/,North Carolina,asheville
https://boone.craigslist.org/,North Carolina,boone
https://charlotte.craigslist.org/,North Carolina,charlotte
https://eastnc.craigslist.org/,North Carolina,eastern NC
https://fayetteville.craigslist.org/,North Carolina,fayetteville
https://greensboro.craigslist.org/,North Carolina,greensboro
https://hickory.craigslist.org/,North Carolina,hickory / lenoir
https://onslow.craigslist.org/,North Carolina,jacksonville 
https://outerbanks.craigslist.org/,North Carolina,outer banks
https://raleigh.craigslist.org/,North Carolina,raleigh / durham / CH
https://wilmington.craigslist.org/,North Carolina,wilmington
https://winstonsalem.craigslist.org/,North Carolina,winston-salem
https://bismarck.craigslist.org/,North Dakota,bismarck
https://fargo.craigslist.org/,North Dakota,fargo / moorhead
https://grandforks.craigslist.org/,North Dakota,grand forks
https://nd.craigslist.org/,North Dakota,north dakota
https://akroncanton.craigslist.org/,Ohio,akron / canton
https://ashtabula.craigslist.org/,Ohio,ashtabula
https://athensohio.craigslist.org/,Ohio,athens 
https://chillicothe.craigslist.org/,Ohio,chillicothe
https://cincinnati.craigslist.org/,Ohio,cincinnati
https://cleveland.craigslist.org/,Ohio,cleveland
https://columbus.craigslist.org/,Ohio,columbus
https://dayton.craigslist.org/,Ohio,dayton / springfield
https://limaohio.craigslist.org/,Ohio,lima / findlay
https://mansfield.craigslist.org/,Ohio,mansfield
https://sandusky.craigslist.org/,Ohio,sandusky
https://toledo.craigslist.org/,Ohio,toledo
https://tuscarawas.craigslist.org/,Ohio,tuscarawas co
https://youngstown.craigslist.org/,Ohio,youngstown
https://zanesville.craigslist.org/,Ohio,zanesville / cambridge
https://lawton.craigslist.org/,Oklahoma,lawton
https://enid.craigslist.org/,Oklahoma,northwest OK
https://oklahomacity.craigslist.org/,Oklahoma,oklahoma city
https://stillwater.craigslist.org/,Oklahoma,stillwater
https://tulsa.craigslist.org/,Oklahoma,tulsa
https://bend.craigslist.org/,Oregon,bend
https://corvallis.craigslist.org/,Oregon,corvallis/albany
https://eastoregon.craigslist.org/,Oregon,east oregon
https://eugene.craigslist.org/,Oregon,eugene
https://klamath.craigslist.org/,Oregon,klamath falls
https://medford.craigslist.org/,Oregon,medford-ashland
https://oregoncoast.craigslist.org/,Oregon,oregon coast
https://portland.craigslist.org/,Oregon,portland
https://roseburg.craigslist.org/,Oregon,roseburg
https://salem.craigslist.org/,Oregon,salem
https://altoona.craigslist.org/,Pennsylvania,altoona-johnstown
https://chambersburg.craigslist.org/,Pennsylvania,cumberland valley
https://erie.craigslist.org/,Pennsylvania,erie
https://harrisburg.craigslist.org/,Pennsylvania,harrisburg
https://lancaster.craigslist.org/,Pennsylvania,lancaster
https://allentown.craigslist.org/,Pennsylvania,lehigh valley
https://meadville.craigslist.org/,Pennsylvania,meadville
https://philadelphia.craigslist.org/,Pennsylvania,philadelphia
https://pittsburgh.craigslist.org/,Pennsylvania,pittsburgh
https://poconos.craigslist.org/,Pennsylvania,poconos
https://reading.craigslist.org/,Pennsylvania,reading
https://scranton.craigslist.org/,Pennsylvania,scranton / wilkes-barre
https://pennstate.craigslist.org/,Pennsylvania,state college
https://williamsport.craigslist.org/,Pennsylvania,williamsport
https://york.craigslist.org/,Pennsylvania,york
https://providence.craigslist.org/,Rhode Island,rhode island
https://charleston.craigslist.org/,South Carolina,charleston
https://columbia.craigslist.org/,South Carolina,columbia
https://florencesc.craigslist.org/,South Carolina,florence
https://greenville.craigslist.org/,South Carolina,greenville / upstate
https://hiltonhead.craigslist.org/,South Carolina,hilton head
https://myrtlebeach.craigslist.org/,South Carolina,myrtle beach
https://nesd.craigslist.org/,South Dakota,northeast SD
https://csd.craigslist.org/,South Dakota,pierre / central SD
https://rapidcity.craigslist.org/,South Dakota,rapid city / west SD
https://siouxfalls.craigslist.org/,South Dakota,sioux falls / SE SD
https://sd.craigslist.org/,South Dakota,south dakota
https://chattanooga.craigslist.org/,Tennessee,chattanooga
https://clarksville.craigslist.org/,Tennessee,clarksville
https://cookeville.craigslist.org/,Tennessee,cookeville
https://jacksontn.craigslist.org/,Tennessee,jackson  
https://knoxville.craigslist.org/,Tennessee,knoxville
https://memphis.craigslist.org/,Tennessee,memphis
https://nashville.craigslist.org/,Tennessee,nashville
https://tricities.craigslist.org/,Tennessee,tri-cities
https://abilene.craigslist.org/,Texas,abilene
https://amarillo.craigslist.org/,Texas,amarillo
https://austin.craigslist.org/,Texas,austin
https://beaumont.craigslist.org/,Texas,beaumont / port arthur
https://brownsville.craigslist.org/,Texas,brownsville
https://collegestation.craigslist.org/,Texas,college station
https://corpuschristi.craigslist.org/,Texas,corpus christi
https://dallas.craigslist.org/,Texas,dallas / fort worth
https://nacogdoches.craigslist.org/,Texas,deep east texas
https://delrio.craigslist.org/,Texas,del rio / eagle pass
https://elpaso.craigslist.org/,Texas,el paso
https://galveston.craigslist.org/,Texas,galveston
https://houston.craigslist.org/,Texas,houston
https://killeen.craigslist.org/,Texas,killeen / temple / ft hood
https://laredo.craigslist.org/,Texas,laredo
https://lubbock.craigslist.org/,Texas,lubbock
https://mcallen.craigslist.org/,Texas,mcallen / edinburg
https://odessa.craigslist.org/,Texas,odessa / midland
https://sanangelo.craigslist.org/,Texas,san angelo
https://sanantonio.craigslist.org/,Texas,san antonio
https://sanmarcos.craigslist.org/,Texas,san marcos
https://bigbend.craigslist.org/,Texas,southwest TX
https://texoma.craigslist.org/,Texas,texoma
https://easttexas.craigslist.org/,Texas,tyler / east TX
https://victoriatx.craigslist.org/,Texas,victoria 
https://waco.craigslist.org/,Texas,waco
https://wichitafalls.craigslist.org/,Texas,wichita falls
https://logan.craigslist.org/,Utah,logan
https://ogden.craigslist.org/,Utah,ogden-clearfield
https://provo.craigslist.org/,Utah,provo / orem
https://saltlakecity.craigslist.org/,Utah,salt lake city
https://stgeorge.craigslist.org/,Utah,st george
https://vermont.craigslist.org/,Vermont,vermont
https://charlottesville.craigslist.org/,Virginia,charlottesville
https://danville.craigslist.org/,Virginia,danville
https://fredericksburg.craigslist.org/,Virginia,fredericksburg
https://norfolk.craigslist.org/,Virginia,hampton roads
https://harrisonburg.craigslist.org/,Virginia,harrisonburg
https://lynchburg.craigslist.org/,Virginia,lynchburg
https://blacksburg.craigslist.org/,Virginia,new river valley
https://richmond.craigslist.org/,Virginia,richmond
https://roanoke.craigslist.org/,Virginia,roanoke
https://swva.craigslist.org/,Virginia,southwest VA
https://winchester.craigslist.org/,Virginia,winchester
https://bellingham.craigslist.org/,Washington,bellingham
https://kpr.craigslist.org/,Washington,kennewick-pasco-richland
https://moseslake.craigslist.org/,Washington,moses lake
https://olympic.craigslist.org/,Washington,olympic peninsula
https://pullman.craigslist.org/,Washington,pullman / moscow
https://seattle.craigslist.org/,Washington,seattle-tacoma
https://skagit.craigslist.org/,Washington,skagit / island / SJI
https://spokane.craigslist.org/,Washington,spokane / coeur d'alene
https://wenatchee.craigslist.org/,Washington,wenatchee
https://yakima.craigslist.org/,Washington,yakima
https://charlestonwv.craigslist.org/,West Virginia,charleston 
https://martinsburg.craigslist.org/,West Virginia,eastern panhandle
https://huntington.craigslist.org/,West Virginia,huntington-ashland
https://morgantown.craigslist.org/,West Virginia,morgantown
https://wheeling.craigslist.org/,West Virginia,northern panhandle
https://parkersburg.craigslist.org/,West Virginia,parkersburg-marietta
https://swv.craigslist.org/,West Virginia,southern WV
https://wv.craigslist.org/,West Virginia,west virginia (old)
https://appleton.craigslist.org/,Wisconsin,appleton-oshkosh-FDL
https://eauclaire.craigslist.org/,Wisconsin,eau claire
https://greenbay.craigslist.org/,Wisconsin,green bay
https://janesville.craigslist.org/,Wisconsin,janesville
https://racine.craigslist.org/,Wisconsin,kenosha-racine
https://lacrosse.craigslist.org/,Wisconsin,la crosse
https://madison.craigslist.org/,Wisconsin,madison
https://milwaukee.craigslist.org/,Wisconsin,milwaukee
https://northernwi.craigslist.org/,Wisconsin,northern WI
https://sheboygan.craigslist.org/,Wisconsin,sheboygan
https://wausau.craigslist.org/,Wisconsin,wausau
https://wyoming.craigslist.org/,Wyoming,wyoming
https://micronesia.craigslist.org/,Territories,guam-micronesia
https://puertorico.craigslist.org/,Territories,puerto rico
https://virgin.craigslist.org/,Territories,U.S. virgin islands
https://calgary.craigslist.ca/,Alberta,calgary
https://edmonton.craigslist.ca/,Alberta,edmonton
https://ftmcmurray.craigslist.ca/,Alberta,ft mcmurray
https://lethbridge.craigslist.ca/,Alberta,lethbridge
https://hat.craigslist.ca/,Alberta,medicine hat
https://peace.craigslist.ca/,Alberta,peace river country
https://reddeer.craigslist.ca/,Alberta,red deer
https://cariboo.craigslist.ca/,British Columbia,cariboo
https://comoxvalley.craigslist.ca/,British Columbia,comox valley
https://abbotsford.craigslist.ca/,British Columbia,fraser valley
https://kamloops.craigslist.ca/,British Columbia,kamloops
https://kelowna.craigslist.ca/,British Columbia,kelowna / okanagan
https://kootenays.craigslist.ca/,British Columbia,kootenays
https://nanaimo.craigslist.ca/,British Columbia,nanaimo
https://princegeorge.craigslist.ca/,British Columbia,prince george
https://skeena.craigslist.ca/,British Columbia,skeena-bulkley
https://sunshine.craigslist.ca/,British Columbia,sunshine coast
https://vancouver.craigslist.ca/,British Columbia,vancouver
https://victoria.craigslist.ca/,British Columbia,victoria
https://whistler.craigslist.ca/,British Columbia,whistler
https://winnipeg.craigslist.ca/,Manitoba,winnipeg
https://newbrunswick.craigslist.ca/,New Brunswick,new brunswick
https://newfoundland.craigslist.ca/,Newfoundland and Labrador,st john's
https://territories.craigslist.ca/,Northwest Territories,territories
https://yellowknife.craigslist.ca/,Northwest Territories,yellowknife
https://halifax.craigslist.ca/,Nova Scotia,halifax
https://barrie.craigslist.ca/,Ontario,barrie
https://belleville.craigslist.ca/,Ontario,belleville
https://brantford.craigslist.ca/,Ontario,brantford-woodstock
https://chatham.craigslist.ca/,Ontario,chatham-kent
https://cornwall.craigslist.ca/,Ontario,cornwall
https://guelph.craigslist.ca/,Ontario,guelph
https://hamilton.craigslist.ca/,Ontario,hamilton-burlington
https://kingston.craigslist.ca/,Ontario,kingston
https://kitchener.craigslist.ca/,Ontario,kitchener-waterloo-cambridge
https://londonon.craigslist.ca/,Ontario,london 
https://niagara.craigslist.ca/,Ontario,niagara region
https://ottawa.craigslist.ca/,Ontario,ottawa-hull-gatineau
https://owensound.craigslist.ca/,Ontario,owen sound
https://peterborough.craigslist.ca/,Ontario,peterborough
https://sarnia.craigslist.ca/,Ontario,sarnia
https://soo.craigslist.ca/,Ontario,sault ste marie
https://sudbury.craigslist.ca/,Ontario,sudbury
https://thunderbay.craigslist.ca/,Ontario,thunder bay
https://toronto.craigslist.ca/,Ontario,toronto
https://windsor.craigslist.ca/,Ontario,windsor
https://pei.craigslist.ca/,Prince Edward Island,prince edward island
https://montreal.craigslist.ca/,Quebec,montreal
https://quebec.craigslist.ca/,Quebec,quebec city
https://saguenay.craigslist.ca/,Quebec,saguenay
https://sherbrooke.craigslist.ca/,Quebec,sherbrooke
https://troisrivieres.craigslist.ca/,Quebec,trois-rivieres
https://regina.craigslist.ca/,Saskatchewan,regina
https://saskatoon.craigslist.ca/,Saskatchewan,saskatoon
https://whitehorse.craigslist.ca/,Yukon Territory,whitehorse
https://vienna.craigslist.at/,Austria,vienna
https://brussels.craigslist.org/,Belgium,belgium
https://bulgaria.craigslist.org/,Bulgaria,bulgaria
https://zagreb.craigslist.org/,Croatia,croatia
http://prague.craigslist.cz/,Czech Republic,prague
https://copenhagen.craigslist.org/,Denmark,copenhagen
http://helsinki.craigslist.fi/,Finland,finland
https://bordeaux.craigslist.org/,France,bordeaux
https://rennes.craigslist.org/,France,brittany
https://grenoble.craigslist.org/,France,grenoble
https://lille.craigslist.org/,France,lille
https://loire.craigslist.org/,France,loire valley
https://lyon.craigslist.org/,France,lyon
https://marseilles.craigslist.org/,France,marseille
https://montpellier.craigslist.org/,France,montpellier
https://cotedazur.craigslist.org/,France,nice / cote d'azur
https://rouen.craigslist.org/,France,normandy
https://paris.craigslist.org/,France,paris
https://strasbourg.craigslist.org/,France,strasbourg
https://toulouse.craigslist.org/,France,toulouse
https://berlin.craigslist.de/,Germany,berlin
https://bremen.craigslist.de/,Germany,bremen
https://cologne.craigslist.de/,Germany,cologne
https://dresden.craigslist.de/,Germany,dresden
https://dusseldorf.craigslist.de/,Germany,dusseldorf
https://essen.craigslist.de/,Germany,essen / ruhr
https://frankfurt.craigslist.de/,Germany,frankfurt
https://hamburg.craigslist.de/,Germany,hamburg
https://hannover.craigslist.de/,Germany,hannover
https://heidelberg.craigslist.de/,Germany,heidelberg
https://kaiserslautern.craigslist.de/,Germany,kaiserslautern
https://leipzig.craigslist.de/,Germany,leipzig
https://munich.craigslist.de/,Germany,munich
https://nuremberg.craigslist.de/,Germany,nuremberg
https://stuttgart.craigslist.de/,Germany,stuttgart
http://athens.craigslist.gr/,Greece,greece
https://budapest.craigslist.org/,Hungary,budapest
https://reykjavik.craigslist.org/,Iceland,reykjavik
https://dublin.craigslist.org/,Ireland,dublin
https://bologna.craigslist.it/,Italy,bologna
https://florence.craigslist.it/,Italy,florence / tuscany
https://genoa.craigslist.it/,Italy,genoa
https://milan.craigslist.it/,Italy,milan
https://naples.craigslist.it/,Italy,napoli / campania
https://perugia.craigslist.it/,Italy,perugia
https://rome.craigslist.it/,Italy,rome
https://sardinia.craigslist.it/,Italy,sardinia
https://sicily.craigslist.it/,Italy,sicilia
https://torino.craigslist.it/,Italy,torino
https://venice.craigslist.it/,Italy,venice / veneto
https://luxembourg.craigslist.org/,Luxembourg,luxembourg
https://amsterdam.craigslist.org/,Netherlands,amsterdam / randstad
https://oslo.craigslist.org/,Norway,norway
http://warsaw.craigslist.pl/,Poland,poland
http://faro.craigslist.pt/,Portugal,faro / algarve
http://lisbon.craigslist.pt/,Portugal,lisbon
http://porto.craigslist.pt/,Portugal,porto
https://bucharest.craigslist.org/,Romania,romania
https://moscow.craigslist.org/,Russian Federation,moscow
https://stpetersburg.craigslist.org/,Russian Federation,st petersburg
https://alicante.craigslist.es/,Spain,alicante
https://baleares.craigslist.es/,Spain,baleares
https://barcelona.craigslist.es/,Spain,barcelona
https://bilbao.craigslist.es/,Spain,bilbao
https://cadiz.craigslist.es/,Spain,cadiz
https://canarias.craigslist.es/,Spain,canarias
https://granada.craigslist.es/,Spain,granada
https://madrid.craigslist.es/,Spain,madrid
https://malaga.craigslist.es/,Spain,malaga
https://sevilla.craigslist.es/,Spain,sevilla
https://valencia.craigslist.es/,Spain,valencia
https://stockholm.craigslist.se/,Sweden,sweden
https://basel.craigslist.ch/,Switzerland,basel
https://bern.craigslist.ch/,Switzerland,bern
https://geneva.craigslist.ch/,Switzerland,geneva
https://lausanne.craigslist.ch/,Switzerland,lausanne
https://zurich.craigslist.ch/,Switzerland,zurich
https://istanbul.craigslist.com.tr/,Turkey,turkey
https://ukraine.craigslist.org/,Ukraine,ukraine
https://aberdeen.craigslist.co.uk/,United Kingdom,aberdeen
https://bath.craigslist.co.uk/,United Kingdom,bath
https://belfast.craigslist.co.uk/,United Kingdom,belfast
https://birmingham.craigslist.co.uk/,United Kingdom,birmingham / west mids
https://brighton.craigslist.co.uk/,United Kingdom,brighton
https://bristol.craigslist.co.uk/,United Kingdom,bristol
https://cambridge.craigslist.co.uk/,United Kingdom,"cambridge, UK"
https://cardiff.craigslist.co.uk/,United Kingdom,cardiff / wales
https://coventry.craigslist.co.uk/,United Kingdom,coventry
https://derby.craigslist.co.uk/,United Kingdom,derby
https://devon.craigslist.co.uk/,United Kingdom,devon & cornwall
https://dundee.craigslist.co.uk/,United Kingdom,dundee
https://norwich.craigslist.co.uk/,United Kingdom,east anglia
https://eastmids.craigslist.co.uk/,United Kingdom,east midlands
https://edinburgh.craigslist.co.uk/,United Kingdom,edinburgh
https://essex.craigslist.co.uk/,United Kingdom,essex
https://glasgow.craigslist.co.uk/,United Kingdom,glasgow
https://hampshire.craigslist.co.uk/,United Kingdom,hampshire
https://kent.craigslist.co.uk/,United Kingdom,kent
https://leeds.craigslist.co.uk/,United Kingdom,leeds
https://liverpool.craigslist.co.uk/,United Kingdom,liverpool
https://london.craigslist.co.uk/,United Kingdom,london
https://manchester.craigslist.co.uk/,United Kingdom,manchester
https://newcastle.craigslist.co.uk/,United Kingdom,newcastle / NE england
https://nottingham.craigslist.co.uk/,United Kingdom,nottingham
https://oxford.craigslist.co.uk/,United Kingdom,oxford
https://sheffield.craigslist.co.uk/,United Kingdom,sheffield
https://bangladesh.craigslist.org/,Bangladesh,bangladesh
http://beijing.craigslist.com.cn/,China,beijing
http://chengdu.craigslist.com.cn/,China,chengdu
http://chongqing.craigslist.com.cn/,China,chongqing
http://dalian.craigslist.com.cn/,China,dalian
http://guangzhou.craigslist.com.cn/,China,guangzhou
http://hangzhou.craigslist.com.cn/,China,hangzhou
http://nanjing.craigslist.com.cn/,China,nanjing
http://shanghai.craigslist.com.cn/,China,shanghai
http://shenyang.craigslist.com.cn/,China,shenyang
http://shenzhen.craigslist.com.cn/,China,shenzhen
http://wuhan.craigslist.com.cn/,China,wuhan
http://xian.craigslist.com.cn/,China,xi'an
https://micronesia.craigslist.org/,Guam / Micronesia,guam-micronesia
http://hongkong.craigslist.hk/,Hong Kong,hong kong
http://ahmedabad.craigslist.co.in/,India,ahmedabad
http://bangalore.craigslist.co.in/,India,bangalore
http://bhubaneswar.craigslist.co.in/,India,bhubaneswar
http://chandigarh.craigslist.co.in/,India,chandigarh
http://chennai.craigslist.co.in/,India,chennai (madras)
http://delhi.craigslist.co.in/,India,delhi
http://goa.craigslist.co.in/,India,goa
http://hyderabad.craigslist.co.in/,India,hyderabad
http://indore.craigslist.co.in/,India,indore
http://jaipur.craigslist.co.in/,India,jaipur
http://kerala.craigslist.co.in/,India,kerala
http://kolkata.craigslist.co.in/,India,kolkata (calcutta)
http://lucknow.craigslist.co.in/,India,lucknow
http://mumbai.craigslist.co.in/,India,mumbai
http://pune.craigslist.co.in/,India,pune
http://surat.craigslist.co.in/,India,surat surat
https://jakarta.craigslist.org/,Indonesia,indonesia
https://tehran.craigslist.org/,Iran,iran
https://baghdad.craigslist.org/,Iraq,iraq
https://haifa.craigslist.org/,Israel and Palestine,haifa
https://jerusalem.craigslist.org/,Israel and Palestine,jerusalem
https://telaviv.craigslist.org/,Israel and Palestine,tel aviv
https://ramallah.craigslist.org/,Israel and Palestine,west bank
https://fukuoka.craigslist.jp/,Japan,fukuoka
https://hiroshima.craigslist.jp/,Japan,hiroshima
https://nagoya.craigslist.jp/,Japan,nagoya
https://okinawa.craigslist.jp/,Japan,okinawa
https://osaka.craigslist.jp/,Japan,osaka-kobe-kyoto
https://sapporo.craigslist.jp/,Japan,sapporo
https://sendai.craigslist.jp/,Japan,sendai
https://tokyo.craigslist.jp/,Japan,tokyo
http://seoul.craigslist.co.kr/,Korea,seoul
https://kuwait.craigslist.org/,Kuwait,kuwait
https://beirut.craigslist.org/,Lebanon,"beirut, lebanon"
https://malaysia.craigslist.org/,Malaysia,malaysia
https://pakistan.craigslist.org/,Pakistan,pakistan
https://bacolod.craigslist.com.ph/,Philippines,bacolod
https://naga.craigslist.com.ph/,Philippines,bicol region
https://cdo.craigslist.com.ph/,Philippines,cagayan de oro
https://cebu.craigslist.com.ph/,Philippines,cebu
https://davaocity.craigslist.com.ph/,Philippines,davao city
https://iloilo.craigslist.com.ph/,Philippines,iloilo
https://manila.craigslist.com.ph/,Philippines,manila
https://pampanga.craigslist.com.ph/,Philippines,pampanga
https://zamboanga.craigslist.com.ph/,Philippines,zamboanga
http://singapore.craigslist.com.sg/,Singapore,singapore
http://taipei.craigslist.com.tw/,Taiwan,taiwan
http://bangkok.craigslist.co.th/,Thailand,thailand
https://dubai.craigslist.org/,United Arab Emirates,united arab emirates
https://vietnam.craigslist.org/,Vietnam,vietnam
https://adelaide.craigslist.com.au/,Australia,adelaide
https://brisbane.craigslist.com.au/,Australia,brisbane
https://cairns.craigslist.com.au/,Australia,cairns
https://canberra.craigslist.com.au/,Australia,canberra
https://darwin.craigslist.com.au/,Australia,darwin
https://goldcoast.craigslist.com.au/,Australia,gold coast
https://melbourne.craigslist.com.au/,Australia,melbourne
https://ntl.craigslist.com.au/,Australia,"newcastle, NSW"
https://perth.craigslist.com.au/,Australia,perth
https://sydney.craigslist.com.au/,Australia,sydney
https://hobart.craigslist.com.au/,Australia,tasmania
https://wollongong.craigslist.com.au/,Australia,wollongong
https://auckland.craigslist.org/,New Zealand,auckland
https://christchurch.craigslist.org/,New Zealand,christchurch
http://dunedin.craigslist.co.nz/,New Zealand,dunedin
https://wellington.craigslist.org/,New Zealand,wellington
https://buenosaires.craigslist.org/,Argentina,buenos aires
https://lapaz.craigslist.org/,Bolivia,bolivia
https://belohorizonte.craigslist.org/,Brazil,belo horizonte
https://brasilia.craigslist.org/,Brazil,brasilia
https://curitiba.craigslist.org/,Brazil,curitiba
https://fortaleza.craigslist.org/,Brazil,fortaleza
https://portoalegre.craigslist.org/,Brazil,porto alegre
https://recife.craigslist.org/,Brazil,recife
https://rio.craigslist.org/,Brazil,rio de janeiro
https://salvador.craigslist.org/,Brazil,"salvador, bahia"
https://saopaulo.craigslist.org/,Brazil,sao paulo
https://caribbean.craigslist.org/,Caribbean Islands,caribbean islands
https://santiago.craigslist.org/,Chile,chile
https://colombia.craigslist.org/,Colombia,colombia
https://costarica.craigslist.org/,Costa Rica,costa rica
https://santodomingo.craigslist.org/,Dominican Republic,dominican republic
https://quito.craigslist.org/,Ecuador,ecuador
https://elsalvador.craigslist.org/,El Salvador,el salvador
https://guatemala.craigslist.org/,Guatemala,guatemala
https://acapulco.craigslist.com.mx/,Mexico,acapulco
https://bajasur.craigslist.com.mx/,Mexico,baja california sur
https://chihuahua.craigslist.com.mx/,Mexico,chihuahua
https://juarez.craigslist.com.mx/,Mexico,ciudad juarez
https://guadalajara.craigslist.com.mx/,Mexico,guadalajara
https://guanajuato.craigslist.com.mx/,Mexico,guanajuato
https://hermosillo.craigslist.com.mx/,Mexico,hermosillo
https://mazatlan.craigslist.com.mx/,Mexico,mazatlan
https://mexicocity.craigslist.com.mx/,Mexico,mexico city
https://monterrey.craigslist.com.mx/,Mexico,monterrey
https://oaxaca.craigslist.com.mx/,Mexico,oaxaca
https://puebla.craigslist.com.mx/,Mexico,puebla
https://pv.craigslist.com.mx/,Mexico,puerto vallarta
https://tijuana.craigslist.com.mx/,Mexico,tijuana
https://veracruz.craigslist.com.mx/,Mexico,veracruz
https://yucatan.craigslist.com.mx/,Mexico,yucatan
https://managua.craigslist.org/,Nicaragua,nicaragua
https://panama.craigslist.org/,Panama,panama
https://lima.craigslist.org/,Peru,peru
https://puertorico.craigslist.org/,Puerto Rico,puerto rico
https://montevideo.craigslist.org/,Uruguay,montevideo
https://caracas.craigslist.org/,Venezuela,venezuela
https://virgin.craigslist.org/,"Virgin Islands, U.S.",virgin islands
https://cairo.craigslist.org/,Egypt,egypt
https://addisababa.craigslist.org/,Ethiopia,ethiopia
https://accra.craigslist.org/,Ghana,ghana
https://kenya.craigslist.org/,Kenya,kenya
https://casablanca.craigslist.org/,Morocco,morocco
https://capetown.craigslist.co.za/,South Africa,cape town
https://durban.craigslist.co.za/,South Africa,durban
https://johannesburg.craigslist.co.za/,South Africa,johannesburg
https://pretoria.craigslist.co.za/,South Africa,pretoria
https://tunis.craigslist.org/,Tunisia,tunisia
